{
    "epoch": 4.0,
    "eval_loss": 0.27619996666908264,
    "eval_runtime": 12.2742,
    "eval_samples_per_second": 59.067,
    "eval_steps_per_second": 3.748,
    "total_flos": 1.1864781784508006e+17,
    "train_loss": 0.2601213268662432,
    "train_runtime": 2419.608,
    "train_samples_per_second": 10.797,
    "train_steps_per_second": 0.676
}