{
    "epoch": 3.0,
    "eval_loss": 0.31620749831199646,
    "eval_runtime": 4.7802,
    "eval_samples_per_second": 62.759,
    "eval_steps_per_second": 3.975,
    "total_flos": 3.70379168439337e+16,
    "train_loss": 0.333669826594095,
    "train_runtime": 571.3839,
    "train_samples_per_second": 14.176,
    "train_steps_per_second": 0.887
}